neighbourhood_number,neighbourhood,ward,population_2021,households_2021,area_sq_km,population_characteristic,households_characteristic,source_area_id,geography_level
1010,ALBERTA AVENUE,Métis,6565.0,2895.0,1.666235402226448,total_population,sum_household_size_distribution,N1010,neighbourhood
1020,BOYLE STREET,O-day'min,6460.0,3545.0,0.8738439418375492,total_population,sum_household_size_distribution,N1020,neighbourhood
1030,CENTRAL MCDOUGALL,O-day'min,4490.0,2560.0,1.1910446919500828,total_population,sum_household_size_distribution,N1030,neighbourhood
1070,CROMDALE,Métis,1795.0,1050.0,0.35583680495619774,total_population,sum_household_size_distribution,N1070,neighbourhood
1080,DELTON,Métis,1985.0,840.0,0.6740451604127884,total_population,sum_household_size_distribution,N1080,neighbourhood
1090,DOWNTOWN,O-day'min,12000.0,7870.0,2.290687959641218,total_population,sum_household_size_distribution,N1090,neighbourhood
1100,EASTWOOD,Métis,4100.0,1850.0,1.122294470667839,total_population,sum_household_size_distribution,N1100,neighbourhood
1111,BLATCHFORD AREA,O-day'min,,,3.0293513908982277,,,N1111,neighbourhood
1120,EDMONTON NORTHLANDS,Métis,,,0.7465208135545254,,,N1120,neighbourhood
1130,ELMWOOD PARK,Métis,1225.0,550.0,0.4755064360797405,total_population,sum_household_size_distribution,N1130,neighbourhood
1140,MCCAULEY,O-day'min,3660.0,1750.0,1.4855142012238503,total_population,sum_household_size_distribution,N1140,neighbourhood
1151,WÎHKWÊNTÔWIN,O-day'min,,,,,,N1151,neighbourhood
1160,PARKDALE,Métis,3580.0,1705.0,0.9436101615428925,total_population,sum_household_size_distribution,N1160,neighbourhood
1170,PRINCE RUPERT,O-day'min,1305.0,625.0,1.1352296583354473,total_population,sum_household_size_distribution,N1170,neighbourhood
1180,QUEEN MARY PARK,O-day'min,7585.0,4270.0,1.7886812798678875,total_population,sum_household_size_distribution,N1180,neighbourhood
1190,RIVER VALLEY KINNAIRD,Métis,,,0.8485294878482819,,,N1190,neighbourhood
1200,RIVER VALLEY VICTORIA,O-day'min,,,1.2880613766610622,,,N1200,neighbourhood
1210,RIVERDALE,O-day'min,1960.0,955.0,1.059466514736414,total_population,sum_household_size_distribution,N1210,neighbourhood
1220,ROSSDALE,O-day'min,805.0,440.0,0.895489439368248,total_population,sum_household_size_distribution,N1220,neighbourhood
1230,SPRUCE AVENUE,O-day'min,1830.0,690.0,1.2043954655528069,total_population,sum_household_size_distribution,N1230,neighbourhood
1240,VIRGINIA PARK,Métis,635.0,330.0,0.5032849833369255,total_population,sum_household_size_distribution,N1240,neighbourhood
1250,WESTWOOD,O-day'min,3280.0,1725.0,0.9747053310275078,total_population,sum_household_size_distribution,N1250,neighbourhood
1270,YELLOWHEAD CORRIDOR EAST,Métis,,,1.4183985441923141,,,N1270,neighbourhood
1280,YELLOWHEAD CORRIDOR WEST,Anirniq,,,1.1550051532685757,,,N1280,neighbourhood
2010,ABBOTTSFIELD,Métis,1735.0,650.0,0.40614691004157066,total_population,sum_household_size_distribution,N2010,neighbourhood
2020,BALWIN,tastawiyiniwak,4095.0,1565.0,1.3908195346593857,total_population,sum_household_size_distribution,N2020,neighbourhood
2030,BANNERMAN,Dene,2770.0,1110.0,0.7268657758831978,total_population,sum_household_size_distribution,N2030,neighbourhood
2040,BEACON HEIGHTS,Métis,2935.0,1245.0,1.1404378041625023,total_population,sum_household_size_distribution,N2040,neighbourhood
2050,BELLE RIVE,tastawiyiniwak,3760.0,1240.0,1.1634725853800774,total_population,sum_household_size_distribution,N2050,neighbourhood
2060,BELLEVUE,Métis,1010.0,490.0,0.5094039514660835,total_population,sum_household_size_distribution,N2060,neighbourhood
2070,BELMONT,Dene,5300.0,1985.0,1.2526491954922676,total_population,sum_household_size_distribution,N2070,neighbourhood
2080,BELVEDERE,Dene,5340.0,2305.0,1.65945553034544,total_population,sum_household_size_distribution,N2080,neighbourhood
2090,BERGMAN,Métis,1455.0,560.0,0.7023261711001396,total_population,sum_household_size_distribution,N2090,neighbourhood
2100,BEVERLY HEIGHTS,Métis,3250.0,1505.0,1.3724523521959782,total_population,sum_household_size_distribution,N2100,neighbourhood
2110,BRINTNELL,Dene,6660.0,2050.0,1.3975855521857738,total_population,sum_household_size_distribution,N2110,neighbourhood
2120,CANON RIDGE,Dene,2245.0,1030.0,0.6471917852759361,total_population,sum_household_size_distribution,N2120,neighbourhood
2130,CASSELMAN,Dene,3535.0,1375.0,0.8332292623817921,total_population,sum_household_size_distribution,N2130,neighbourhood
2145,CLAREVIEW TOWN CENTRE,Dene,3800.0,1605.0,1.35202032700181,total_population,sum_household_size_distribution,N2145,neighbourhood
2160,CLOVER BAR AREA,Dene,,,19.139724604785442,,,N2160,neighbourhood
2230,DELWOOD,tastawiyiniwak,3495.0,1375.0,1.3233702667057514,total_population,sum_household_size_distribution,N2230,neighbourhood
2241,EAUX CLAIRES,tastawiyiniwak,3520.0,1295.0,1.2752587236464024,total_population,sum_household_size_distribution,N2241,neighbourhood
2251,EBBERS,Dene,1265.0,455.0,0.6068218536674976,total_population,sum_household_size_distribution,N2251,neighbourhood
2260,EVANSDALE,tastawiyiniwak,5600.0,2060.0,1.554796177893877,total_population,sum_household_size_distribution,N2260,neighbourhood
2270,EVERGREEN,Dene,1420.0,650.0,0.6505664698779583,total_population,sum_household_size_distribution,N2270,neighbourhood
2280,FRASER,Dene,3895.0,1445.0,1.2974426597356796,total_population,sum_household_size_distribution,N2280,neighbourhood
2290,GLENGARRY,tastawiyiniwak,3090.0,1210.0,1.333404514938593,total_population,sum_household_size_distribution,N2290,neighbourhood
2311,GORMAN,Dene,,,2.8862537518143654,,,N2311,neighbourhood
2320,HAIRSINE,Dene,2420.0,970.0,0.6538632959127426,total_population,sum_household_size_distribution,N2320,neighbourhood
2330,HIGHLANDS,Métis,2665.0,1225.0,1.1373847611248493,total_population,sum_household_size_distribution,N2330,neighbourhood
2340,HOLLICK-KENYON,Dene,6450.0,2165.0,1.520415123552084,total_population,sum_household_size_distribution,N2340,neighbourhood
2350,HOMESTEADER,Dene,3940.0,1390.0,1.5643335916101933,total_population,sum_household_size_distribution,N2350,neighbourhood
2360,INDUSTRIAL HEIGHTS,Métis,,,0.7375457845628262,,,N2360,neighbourhood
2380,KENNEDALE INDUSTRIAL,Dene,,,1.3111921548843384,,,N2380,neighbourhood
2390,KERNOHAN,Dene,3100.0,1210.0,0.8837239108979702,total_population,sum_household_size_distribution,N2390,neighbourhood
2400,KILDARE,tastawiyiniwak,2835.0,1115.0,1.1785526387393475,total_population,sum_household_size_distribution,N2400,neighbourhood
2410,KILKENNY,tastawiyiniwak,5480.0,2005.0,1.7351417317986488,total_population,sum_household_size_distribution,N2410,neighbourhood
2420,KILLARNEY,tastawiyiniwak,4165.0,1655.0,1.3217784948647022,total_population,sum_household_size_distribution,N2420,neighbourhood
2430,KIRKNESS,Dene,4030.0,1525.0,0.916823223233223,total_population,sum_household_size_distribution,N2430,neighbourhood
2440,KLARVATTEN,tastawiyiniwak,5900.0,1885.0,1.6424553468823433,total_population,sum_household_size_distribution,N2440,neighbourhood
2450,LAGO LINDO,tastawiyiniwak,3840.0,1360.0,1.2942750826478004,total_population,sum_household_size_distribution,N2450,neighbourhood
2462,CRYSTALLINA NERA EAST,tastawiyiniwak,,,0.8417039252817631,,,N2462,neighbourhood
2463,CRYSTALLINA NERA WEST,tastawiyiniwak,3995.0,1620.0,0.8497244939208031,total_population,sum_household_size_distribution,N2463,neighbourhood
2500,MATT BERRY,Dene,4090.0,1270.0,1.1280730441212654,total_population,sum_household_size_distribution,N2500,neighbourhood
2511,MAYLIEWAN,tastawiyiniwak,4110.0,1280.0,1.1857140623033047,total_population,sum_household_size_distribution,N2511,neighbourhood
2522,MCCONACHIE,Dene,10450.0,3275.0,2.583513841032982,total_population,sum_household_size_distribution,N2522,neighbourhood
2530,MCLEOD,Dene,2260.0,865.0,0.9583270885050297,total_population,sum_household_size_distribution,N2530,neighbourhood
2541,MILLER,Dene,3295.0,1120.0,0.8198289945721626,total_population,sum_household_size_distribution,N2541,neighbourhood
2550,MONTROSE,Métis,3275.0,1380.0,1.2992556430399418,total_population,sum_household_size_distribution,N2550,neighbourhood
2560,NEWTON,Métis,2910.0,1215.0,1.05650270357728,total_population,sum_household_size_distribution,N2560,neighbourhood
2580,NORTHMOUNT,tastawiyiniwak,3350.0,1165.0,1.2136362679302692,total_population,sum_household_size_distribution,N2580,neighbourhood
2590,OVERLANDERS,Dene,2875.0,1090.0,0.8339869603514671,total_population,sum_household_size_distribution,N2590,neighbourhood
2600,OZERNA,tastawiyiniwak,4365.0,1385.0,1.1103065125644207,total_population,sum_household_size_distribution,N2600,neighbourhood
2611,CY BECKER,Dene,2685.0,840.0,1.0040725879371166,total_population,sum_household_size_distribution,N2611,neighbourhood
2630,RIVER VALLEY HERMITAGE,Dene,,,2.162783645093441,,,N2630,neighbourhood
2640,RIVER VALLEY HIGHLANDS,Métis,,,1.1780202127993107,,,N2640,neighbourhood
2650,RIVER VALLEY RUNDLE,Métis,,,2.0939068906009197,,,N2650,neighbourhood
2660,RUNDLE HEIGHTS,Métis,3440.0,1320.0,0.8170072734355927,total_population,sum_household_size_distribution,N2660,neighbourhood
2670,RURAL NORTH EAST HORSE HILL,Dene,380.0,95.0,12.942423965781927,total_population,sum_household_size_distribution,N2670,neighbourhood
2671,MARQUIS,Dene,,,9.896395165473223,,,N2671,neighbourhood
2681,EDMONTON ENERGY AND TECHNOLOGY PARK,Dene,535.0,100.0,52.94895614683628,total_population,sum_household_size_distribution,N2681,neighbourhood
2690,RURAL NORTH EAST SOUTH STURGEON,Dene,,,14.113583374768496,,,N2690,neighbourhood
2692,QUARRY RIDGE,Dene,,,,,,N2692,neighbourhood
2700,SCHONSEE,tastawiyiniwak,4720.0,1585.0,1.22705053165555,total_population,sum_household_size_distribution,N2700,neighbourhood
2710,SIFTON PARK,Dene,2120.0,820.0,0.49978358671069145,total_population,sum_household_size_distribution,N2710,neighbourhood
2720,YORK,Dene,4030.0,1450.0,1.1787161231040955,total_population,sum_household_size_distribution,N2720,neighbourhood
3010,ATHLONE,Anirniq,3275.0,1250.0,1.1831263937056065,total_population,sum_household_size_distribution,N3010,neighbourhood
3020,BARANOW,Anirniq,2370.0,965.0,0.7725461348891258,total_population,sum_household_size_distribution,N3020,neighbourhood
3030,BATURYN,tastawiyiniwak,4795.0,1720.0,1.3941874466836452,total_population,sum_household_size_distribution,N3030,neighbourhood
3040,BEAUMARIS,tastawiyiniwak,4490.0,1890.0,1.4276844039559364,total_population,sum_household_size_distribution,N3040,neighbourhood
3050,BROWN INDUSTRIAL,Anirniq,,,0.37238530069589615,,,N3050,neighbourhood
3060,CAERNARVON,Anirniq,4370.0,1615.0,1.2184316255152225,total_population,sum_household_size_distribution,N3060,neighbourhood
3070,CALDER,Anirniq,4225.0,1725.0,1.336773507297039,total_population,sum_household_size_distribution,N3070,neighbourhood
3080,CANOSSA,Anirniq,3185.0,1005.0,1.2876214943826199,total_population,sum_household_size_distribution,N3080,neighbourhood
3090,CARLISLE,Anirniq,3845.0,1325.0,0.9537092819809914,total_population,sum_household_size_distribution,N3090,neighbourhood
3111,GRIESBACH,Anirniq,6640.0,2370.0,2.673806097358465,total_population,sum_household_size_distribution,N3111,neighbourhood
3120,CHAMBERY,tastawiyiniwak,3160.0,955.0,0.7226175032556057,total_population,sum_household_size_distribution,N3120,neighbourhood
3140,CRESTWOOD,Nakota Isga,2355.0,915.0,1.1583219356834888,total_population,sum_household_size_distribution,N3140,neighbourhood
3150,CUMBERLAND,Anirniq,6495.0,2110.0,1.4442436955869198,total_population,sum_household_size_distribution,N3150,neighbourhood
3160,DOMINION INDUSTRIAL,Anirniq,,,0.9741475321352482,,,N3160,neighbourhood
3170,DOVERCOURT,Anirniq,2115.0,870.0,0.9927883446216583,total_population,sum_household_size_distribution,N3170,neighbourhood
3180,DUNLUCE,Anirniq,6075.0,2390.0,2.208327282220125,total_population,sum_household_size_distribution,N3180,neighbourhood
3190,ELSINORE,tastawiyiniwak,2635.0,960.0,0.8343267291784286,total_population,sum_household_size_distribution,N3190,neighbourhood
3200,GLENORA,Nakota Isga,3710.0,1505.0,1.607972338795662,total_population,sum_household_size_distribution,N3200,neighbourhood
3210,GROVENOR,Nakota Isga,2490.0,1040.0,0.9130278937518597,total_population,sum_household_size_distribution,N3210,neighbourhood
3220,HAGMANN ESTATE INDUSTRIAL,Anirniq,,,0.5232844389975071,,,N3220,neighbourhood
3230,HUFF BREMNER ESTATE INDUSTRIAL,Anirniq,,,1.0318306349217892,,,N3230,neighbourhood
3240,INGLEWOOD,Anirniq,7165.0,3385.0,1.6358928345143795,total_population,sum_household_size_distribution,N3240,neighbourhood
3250,KENSINGTON,Anirniq,3700.0,1445.0,1.3141607269644737,total_population,sum_household_size_distribution,N3250,neighbourhood
3260,LAUDERDALE,Anirniq,2955.0,1165.0,1.2904622629284859,total_population,sum_household_size_distribution,N3260,neighbourhood
3270,LAURIER HEIGHTS,sipiwiyiniwak,2630.0,1035.0,1.3146485723555088,total_population,sum_household_size_distribution,N3270,neighbourhood
3280,LORELEI,tastawiyiniwak,4015.0,1410.0,1.2106857299804688,total_population,sum_household_size_distribution,N3280,neighbourhood
3290,MCARTHUR INDUSTRIAL,Anirniq,,,0.5698642022907734,,,N3290,neighbourhood
3300,MCQUEEN,Nakota Isga,1620.0,665.0,0.6997824870049953,total_population,sum_household_size_distribution,N3300,neighbourhood
3310,NORTH GLENORA,Nakota Isga,2080.0,820.0,0.8594367355108261,total_population,sum_household_size_distribution,N3310,neighbourhood
3320,OXFORD,Anirniq,4460.0,1440.0,1.1739920563995838,total_population,sum_household_size_distribution,N3320,neighbourhood
3330,PARKVIEW,sipiwiyiniwak,3430.0,1300.0,1.5333176888525486,total_population,sum_household_size_distribution,N3330,neighbourhood
3340,PEMBINA,Anirniq,845.0,440.0,0.5676593370735645,total_population,sum_household_size_distribution,N3340,neighbourhood
3350,PRINCE CHARLES,Anirniq,1465.0,635.0,0.7834074757993221,total_population,sum_household_size_distribution,N3350,neighbourhood
3360,RAMPART INDUSTRIAL,Anirniq,,,3.6014315709471703,,,N3360,neighbourhood
3370,RAPPERSWILL,Anirniq,3700.0,1125.0,0.9889735244214535,total_population,sum_household_size_distribution,N3370,neighbourhood
3380,RIVER VALLEY CAPITOL HILL,Nakota Isga,,,1.6731696054339409,,,N3380,neighbourhood
3381,RIVER VALLEY GLENORA,Nakota Isga,,,0.6469642296433449,,,N3381,neighbourhood
3382,RIVER VALLEY LAURIER,sipiwiyiniwak,,,1.2329216599464417,,,N3382,neighbourhood
3390,ROSSLYN,Anirniq,3245.0,1180.0,1.3315985575318336,total_population,sum_household_size_distribution,N3390,neighbourhood
3410,SHERBROOKE,Anirniq,2525.0,1015.0,0.9183603301644325,total_population,sum_household_size_distribution,N3410,neighbourhood
3430,WELLINGTON,Anirniq,3295.0,1220.0,1.208903707563877,total_population,sum_household_size_distribution,N3430,neighbourhood
3440,WESTMOUNT,O-day'min,6040.0,3060.0,1.8486635275185108,total_population,sum_household_size_distribution,N3440,neighbourhood
3450,WOODCROFT,Anirniq,2770.0,1280.0,1.2807175517082214,total_population,sum_household_size_distribution,N3450,neighbourhood
3460,ALBANY,Anirniq,1700.0,635.0,0.8361516408622265,total_population,sum_household_size_distribution,N3460,neighbourhood
3470,CARLTON,Anirniq,5500.0,1740.0,1.196061447262764,total_population,sum_household_size_distribution,N3470,neighbourhood
3480,HUDSON,Anirniq,2795.0,870.0,0.7298664711415768,total_population,sum_household_size_distribution,N3480,neighbourhood
3490,GOODRIDGE CORNERS,Anirniq,1320.0,0.0,2.6674735136330128,total_population,sum_household_size_distribution,N3490,neighbourhood
4010,ALBERTA PARK INDUSTRIAL,Nakota Isga,,,0.6590269282460213,,,N4010,neighbourhood
4011,ANTHONY HENDAY,Nakota Isga,,,4.7125937305390835,,,N4011,neighbourhood
4012,ANTHONY HENDAY SOUTH WEST,sipiwiyiniwak,,,4.456108894199133,,,N4012,neighbourhood
4013,ANTHONY HENDAY TERWILLEGAR,pihêsiwin,,,3.0860081389546394,,,N4013,neighbourhood
4014,ANTHONY HENDAY SOUTH,Ipiihkoohkanipiaohtsi,,,2.690055590122938,,,N4014,neighbourhood
4015,ANTHONY HENDAY MISTATIM,Anirniq,,,2.419443577528,,,N4015,neighbourhood
4016,ANTHONY HENDAY CASTLEDOWNS,Anirniq,,,2.0112109817564487,,,N4016,neighbourhood
4017,ANTHONY HENDAY LAKE DISTRICT,tastawiyiniwak,,,1.9824032299220562,,,N4017,neighbourhood
4018,ANTHONY HENDAY BIG LAKE,Nakota Isga,,,3.18963361158967,,,N4018,neighbourhood
4019,ANTHONY HENDAY ENERGY PARK,Dene,,,2.274336937814951,,,N4019,neighbourhood
4020,ALDERGROVE,Nakota Isga,5310.0,1910.0,1.4780305176973343,total_population,sum_household_size_distribution,N4020,neighbourhood
4021,ANTHONY HENDAY HORSE HILL,Dene,,,1.113839253783226,,,N4021,neighbourhood
4022,ANTHONY HENDAY CLAREVIEW,Dene,,,1.3408852629363537,,,N4022,neighbourhood
4023,ANTHONY HENDAY RAMPART,Anirniq,,,3.121295254677534,,,N4023,neighbourhood
4024,ANTHONY HENDAY SOUTH BLACKBURNE,Ipiihkoohkanipiaohtsi,,,1.1820398606359959,,,N4024,neighbourhood
4030,ARMSTRONG INDUSTRIAL,Nakota Isga,,,1.1041641049087048,,,N4030,neighbourhood
4040,BELMEAD,Nakota Isga,4580.0,1630.0,1.2697810605168343,total_population,sum_household_size_distribution,N4040,neighbourhood
4050,BONAVENTURE INDUSTRIAL,Anirniq,,,1.2619518972933292,,,N4050,neighbourhood
4060,BRITANNIA YOUNGSTOWN,Nakota Isga,4490.0,2125.0,1.6244609355926514,total_population,sum_household_size_distribution,N4060,neighbourhood
4070,CALLINGWOOD NORTH,sipiwiyiniwak,2440.0,1100.0,0.9030588306486607,total_population,sum_household_size_distribution,N4070,neighbourhood
4080,CALLINGWOOD SOUTH,sipiwiyiniwak,5405.0,2685.0,0.7656981013715267,total_population,sum_household_size_distribution,N4080,neighbourhood
4090,CANORA,Nakota Isga,3610.0,1635.0,0.8743874169886112,total_population,sum_household_size_distribution,N4090,neighbourhood
4100,CARLETON SQUARE INDUSTRIAL,Nakota Isga,,,0.40671567618846893,,,N4100,neighbourhood
4110,DECHENE,sipiwiyiniwak,1820.0,590.0,0.7181452997028828,total_population,sum_household_size_distribution,N4110,neighbourhood
4120,DONSDALE,sipiwiyiniwak,1200.0,395.0,0.6675118431448936,total_population,sum_household_size_distribution,N4120,neighbourhood
4130,EDMISTON INDUSTRIAL,Nakota Isga,,,1.1722013838589191,,,N4130,neighbourhood
4140,ELMWOOD,sipiwiyiniwak,2670.0,970.0,1.0172383971512318,total_population,sum_household_size_distribution,N4140,neighbourhood
4150,GAGNON ESTATE INDUSTRIAL,Anirniq,,,0.5519590675830841,,,N4150,neighbourhood
4160,GARIEPY,sipiwiyiniwak,1840.0,720.0,0.673461027443409,total_population,sum_household_size_distribution,N4160,neighbourhood
4170,GARSIDE INDUSTRIAL,Anirniq,,,0.6588758416473866,,,N4170,neighbourhood
4180,GLENWOOD,Nakota Isga,5065.0,2225.0,1.7575749680399895,total_population,sum_household_size_distribution,N4180,neighbourhood
4190,HAWIN PARK ESTATE INDUSTRIAL,Nakota Isga,,,0.6724460162222385,,,N4190,neighbourhood
4200,HIGH PARK,Nakota Isga,1535.0,630.0,0.7131564170122147,total_population,sum_household_size_distribution,N4200,neighbourhood
4210,HIGH PARK INDUSTRIAL,Anirniq,,,0.3855054900050163,,,N4210,neighbourhood
4220,JAMIESON PLACE,sipiwiyiniwak,3810.0,1355.0,1.0739411301910877,total_population,sum_household_size_distribution,N4220,neighbourhood
4230,JASPER PARK,sipiwiyiniwak,1940.0,880.0,0.6596595160663128,total_population,sum_household_size_distribution,N4230,neighbourhood
4240,LA PERLE,Nakota Isga,5050.0,1955.0,1.3240672200918198,total_population,sum_household_size_distribution,N4240,neighbourhood
4260,LEWIS FARMS,Nakota Isga,,,,,,N4260,neighbourhood
4261,LEWIS FARMS BUSINESS EMPLOYMENT,Nakota Isga,,,,,,N4261,neighbourhood
4270,LYMBURN,sipiwiyiniwak,5715.0,2125.0,1.5483508221805096,total_population,sum_household_size_distribution,N4270,neighbourhood
4280,LYNNWOOD,sipiwiyiniwak,3300.0,1360.0,0.8874773643910885,total_population,sum_household_size_distribution,N4280,neighbourhood
4290,MAYFIELD,Nakota Isga,2095.0,850.0,0.8598630949854851,total_population,sum_household_size_distribution,N4290,neighbourhood
4300,MCNAMARA INDUSTRIAL,Nakota Isga,,,0.9698458127677441,,,N4300,neighbourhood
4310,MEADOWLARK PARK,sipiwiyiniwak,2670.0,1190.0,1.099490325897932,total_population,sum_household_size_distribution,N4310,neighbourhood
4320,MISTATIM INDUSTRIAL,Anirniq,,,6.7232633121311665,,,N4320,neighbourhood
4330,MITCHELL INDUSTRIAL,Anirniq,,,0.5874756388366222,,,N4330,neighbourhood
4340,MORIN INDUSTRIAL,Nakota Isga,,,0.6629655212163925,,,N4340,neighbourhood
4350,NORWESTER INDUSTRIAL,Nakota Isga,,,0.6823273189365864,,,N4350,neighbourhood
4360,OLESKIW,sipiwiyiniwak,2940.0,1085.0,1.3148142285645008,total_population,sum_household_size_distribution,N4360,neighbourhood
4380,ORMSBY PLACE,sipiwiyiniwak,5120.0,1865.0,1.3389694169163704,total_population,sum_household_size_distribution,N4380,neighbourhood
4390,PATRICIA HEIGHTS,sipiwiyiniwak,1760.0,695.0,0.6055836416780949,total_population,sum_household_size_distribution,N4390,neighbourhood
4400,PLACE LARUE,Nakota Isga,,,1.0330048389732838,,,N4400,neighbourhood
4410,POUNDMAKER INDUSTRIAL,Nakota Isga,,,0.6580217257142067,,,N4410,neighbourhood
4420,QUESNELL HEIGHTS,sipiwiyiniwak,360.0,125.0,0.20540082827210426,total_population,sum_household_size_distribution,N4420,neighbourhood
4430,RIO TERRACE,sipiwiyiniwak,1260.0,500.0,0.5778406597673893,total_population,sum_household_size_distribution,N4430,neighbourhood
4440,RIVER VALLEY LESSARD NORTH,sipiwiyiniwak,,,0.7874856665730476,,,N4440,neighbourhood
4451,RIVER VALLEY OLESKIW,sipiwiyiniwak,,,2.452108319848776,,,N4451,neighbourhood
4461,THE HAMPTONS,sipiwiyiniwak,12815.0,4450.0,2.9202531091868877,total_population,sum_household_size_distribution,N4461,neighbourhood
4462,EDGEMONT,sipiwiyiniwak,5055.0,1730.0,4.223736885935068,total_population,sum_household_size_distribution,N4462,neighbourhood
4463,RIVERVIEW AREA,sipiwiyiniwak,440.0,150.0,10.189070627093315,total_population,sum_household_size_distribution,N4463,neighbourhood
4464,THE UPLANDS,sipiwiyiniwak,830.0,305.0,3.0540063232183456,total_population,sum_household_size_distribution,N4464,neighbourhood
4466,CAMERON HEIGHTS,sipiwiyiniwak,2250.0,710.0,0.9605815671384335,total_population,sum_household_size_distribution,N4466,neighbourhood
4467,RIVER VALLEY CAMERON,sipiwiyiniwak,,,2.0088337287306786,,,N4467,neighbourhood
4468,STILLWATER,sipiwiyiniwak,900.0,355.0,3.3441699221730232,total_population,sum_household_size_distribution,N4468,neighbourhood
4469,RIVER'S EDGE,sipiwiyiniwak,,,3.5493278950452805,,,N4469,neighbourhood
4471,TRUMPETER AREA,Nakota Isga,2100.0,790.0,2.3310585767030716,total_population,sum_household_size_distribution,N4471,neighbourhood
4473,HAWKS RIDGE,Nakota Isga,930.0,325.0,1.4706024713814259,total_population,sum_household_size_distribution,N4473,neighbourhood
4474,STARLING,Nakota Isga,2015.0,750.0,1.3988637626171112,total_population,sum_household_size_distribution,N4474,neighbourhood
4475,KINOKAMAU PLAINS AREA,Nakota Isga,,,7.017936948686838,,,N4475,neighbourhood
4477,KINGLET GARDENS,Nakota Isga,305.0,120.0,2.614618416875601,total_population,sum_household_size_distribution,N4477,neighbourhood
4478,PINTAIL LANDING,Nakota Isga,,,2.1065157130360603,,,N4478,neighbourhood
4486,STEWART GREENS,Nakota Isga,1425.0,430.0,0.6407703943550587,total_population,sum_household_size_distribution,N4486,neighbourhood
4487,SECORD,Nakota Isga,8205.0,2540.0,2.6312204226851463,total_population,sum_household_size_distribution,N4487,neighbourhood
4490,SHEFFIELD INDUSTRIAL,Nakota Isga,,,0.37647610157728195,,,N4490,neighbourhood
4500,SHERWOOD,sipiwiyiniwak,1230.0,545.0,0.4369702376425266,total_population,sum_household_size_distribution,N4500,neighbourhood
4510,STONE INDUSTRIAL,Nakota Isga,,,0.6404047831892967,,,N4510,neighbourhood
4520,SUMMERLEA,sipiwiyiniwak,2000.0,860.0,1.0911305360496044,total_population,sum_household_size_distribution,N4520,neighbourhood
4530,SUNWAPTA INDUSTRIAL,Nakota Isga,,,0.6695534996688366,,,N4530,neighbourhood
4540,TERRA LOSA,Nakota Isga,2230.0,1135.0,0.7548513263463974,total_population,sum_household_size_distribution,N4540,neighbourhood
4551,GRANVILLE,sipiwiyiniwak,2995.0,920.0,1.3510127924382687,total_population,sum_household_size_distribution,N4551,neighbourhood
4560,THORNCLIFF,sipiwiyiniwak,3565.0,1295.0,0.8905141651630402,total_population,sum_household_size_distribution,N4560,neighbourhood
4570,WEDGEWOOD HEIGHTS,sipiwiyiniwak,1465.0,510.0,0.7026699185371399,total_population,sum_household_size_distribution,N4570,neighbourhood
4580,WEST JASPER PLACE,Nakota Isga,3040.0,1465.0,0.883173979818821,total_population,sum_household_size_distribution,N4580,neighbourhood
4590,WEST MEADOWLARK PARK,sipiwiyiniwak,3390.0,1255.0,1.1075799614191055,total_population,sum_household_size_distribution,N4590,neighbourhood
4600,WEST SHEFFIELD INDUSTRIAL,Nakota Isga,,,0.6187771484255791,,,N4600,neighbourhood
4610,WESTRIDGE,sipiwiyiniwak,1330.0,490.0,0.7244519032537937,total_population,sum_household_size_distribution,N4610,neighbourhood
4620,WESTVIEW VILLAGE,Nakota Isga,2220.0,970.0,0.9174612276256084,total_population,sum_household_size_distribution,N4620,neighbourhood
4630,WHITE INDUSTRIAL,Nakota Isga,,,1.9094593487679958,,,N4630,neighbourhood
4640,WILSON INDUSTRIAL,Nakota Isga,,,0.9880503341555595,,,N4640,neighbourhood
4650,WINTERBURN INDUSTRIAL AREA EAST,Nakota Isga,,,5.592356521636248,,,N4650,neighbourhood
4660,YOUNGSTOWN INDUSTRIAL,Nakota Isga,,,0.4797711819410324,,,N4660,neighbourhood
4670,WINTERBURN INDUSTRIAL AREA WEST,Nakota Isga,,,4.3035687282681465,,,N4670,neighbourhood
4700,BRECKENRIDGE GREENS,Nakota Isga,1840.0,750.0,0.5604905262589455,total_population,sum_household_size_distribution,N4700,neighbourhood
4710,POTTER GREENS,Nakota Isga,1460.0,560.0,1.1719324178993702,total_population,sum_household_size_distribution,N4710,neighbourhood
4720,GLASTONBURY,sipiwiyiniwak,6445.0,2395.0,1.757120631635189,total_population,sum_household_size_distribution,N4720,neighbourhood
4730,SUDER GREENS,Nakota Isga,3350.0,1170.0,0.9789199084043503,total_population,sum_household_size_distribution,N4730,neighbourhood
4740,WEBBER GREENS,Nakota Isga,3190.0,935.0,1.122022457420826,total_population,sum_household_size_distribution,N4740,neighbourhood
4750,ROSENTHAL,Nakota Isga,4875.0,1660.0,2.6312426067888737,total_population,sum_household_size_distribution,N4750,neighbourhood
5010,ALLENDALE,papastew,2845.0,1315.0,0.8760533779859543,total_population,sum_household_size_distribution,N5010,neighbourhood
5020,ASPEN GARDENS,papastew,1655.0,620.0,0.6606584377586842,total_population,sum_household_size_distribution,N5020,neighbourhood
5030,BEARSPAW,Ipiihkoohkanipiaohtsi,2180.0,865.0,0.8578564375638962,total_population,sum_household_size_distribution,N5030,neighbourhood
5040,BELGRAVIA,papastew,2255.0,925.0,0.8601990453898907,total_population,sum_household_size_distribution,N5040,neighbourhood
5050,BLACKMUD CREEK RAVINE,Ipiihkoohkanipiaohtsi,,,0.868120726197958,,,N5050,neighbourhood
5060,BLUE QUILL,Ipiihkoohkanipiaohtsi,4565.0,1905.0,1.0490631610155106,total_population,sum_household_size_distribution,N5060,neighbourhood
5070,BLUE QUILL ESTATES,Ipiihkoohkanipiaohtsi,1405.0,550.0,0.4387756325304508,total_population,sum_household_size_distribution,N5070,neighbourhood
5080,BRANDER GARDENS,pihêsiwin,2420.0,1040.0,1.0080637447535992,total_population,sum_household_size_distribution,N5080,neighbourhood
5090,BROOKSIDE,pihêsiwin,1960.0,700.0,1.1847991906106472,total_population,sum_household_size_distribution,N5090,neighbourhood
5100,BULYEA HEIGHTS,pihêsiwin,3505.0,1265.0,1.4685359187424183,total_population,sum_household_size_distribution,N5100,neighbourhood
5110,CALGARY TRAIL NORTH,papastew,,,0.7408656217157841,,,N5110,neighbourhood
5120,CALGARY TRAIL SOUTH,papastew,,,0.6484597697854042,,,N5120,neighbourhood
5130,CARTER CREST,pihêsiwin,1615.0,600.0,0.6611489281058311,total_population,sum_household_size_distribution,N5130,neighbourhood
5151,STRATHCONA JUNCTION,papastew,,,0.5816268175840378,,,N5151,neighbourhood
5160,DUGGAN,papastew,4570.0,1790.0,1.3783219829201698,total_population,sum_household_size_distribution,N5160,neighbourhood
5170,EMPIRE PARK,papastew,4820.0,2225.0,1.0630373433232307,total_population,sum_household_size_distribution,N5170,neighbourhood
5180,ERMINESKIN,Ipiihkoohkanipiaohtsi,5485.0,2575.0,1.1939570754766464,total_population,sum_household_size_distribution,N5180,neighbourhood
5190,FALCONER HEIGHTS,pihêsiwin,1800.0,595.0,0.6448075771331787,total_population,sum_household_size_distribution,N5190,neighbourhood
5200,GARNEAU,papastew,6605.0,3820.0,0.8219479285180569,total_population,sum_household_size_distribution,N5200,neighbourhood
5210,GRANDVIEW HEIGHTS,papastew,1195.0,355.0,0.557110570371151,total_population,sum_household_size_distribution,N5210,neighbourhood
5220,GREENFIELD,papastew,3715.0,1425.0,1.5169405490159988,total_population,sum_household_size_distribution,N5220,neighbourhood
5230,HENDERSON ESTATES,pihêsiwin,1735.0,600.0,0.7801405005156994,total_population,sum_household_size_distribution,N5230,neighbourhood
5250,KEHEEWIN,Ipiihkoohkanipiaohtsi,2720.0,1180.0,1.2551640160381794,total_population,sum_household_size_distribution,N5250,neighbourhood
5260,LANSDOWNE,papastew,1115.0,460.0,0.5736181400716305,total_population,sum_household_size_distribution,N5260,neighbourhood
5270,LENDRUM PLACE,papastew,1765.0,720.0,0.8517347425222397,total_population,sum_household_size_distribution,N5270,neighbourhood
5280,MALMO PLAINS,papastew,2385.0,1040.0,0.9330261088907719,total_population,sum_household_size_distribution,N5280,neighbourhood
5290,MCKERNAN,papastew,2565.0,1060.0,0.8708466440439224,total_population,sum_household_size_distribution,N5290,neighbourhood
5300,OGILVIE RIDGE,pihêsiwin,935.0,350.0,0.519127894192934,total_population,sum_household_size_distribution,N5300,neighbourhood
5310,PARKALLEN,papastew,2235.0,990.0,0.841723907738924,total_population,sum_household_size_distribution,N5310,neighbourhood
5320,PLEASANTVIEW,papastew,3930.0,1765.0,1.4678539521992207,total_population,sum_household_size_distribution,N5320,neighbourhood
5330,QUEEN ALEXANDRA,papastew,5030.0,2845.0,1.2255385629832745,total_population,sum_household_size_distribution,N5330,neighbourhood
5340,RAMSAY HEIGHTS,pihêsiwin,3280.0,1340.0,1.2997325770556927,total_population,sum_household_size_distribution,N5340,neighbourhood
5350,RHATIGAN RIDGE,pihêsiwin,3140.0,1105.0,1.3326491564512253,total_population,sum_household_size_distribution,N5350,neighbourhood
5360,RIDEAU PARK,papastew,1725.0,760.0,0.794904563575983,total_population,sum_household_size_distribution,N5360,neighbourhood
5370,RIVER VALLEY MAYFAIR,papastew,,,2.3283437751233578,,,N5370,neighbourhood
5380,RIVER VALLEY TERWILLEGAR,pihêsiwin,,,3.051841080188751,,,N5380,neighbourhood
5390,RIVER VALLEY WALTERDALE,papastew,,,1.4748300276696682,,,N5390,neighbourhood
5400,RIVER VALLEY WHITEMUD,papastew,,,1.5019870586693287,,,N5400,neighbourhood
5401,RIVER VALLEY FORT EDMONTON,pihêsiwin,,,0.9822915457189083,,,N5401,neighbourhood
5405,RIVER VALLEY WINDERMERE,pihêsiwin,,,2.805233184248209,,,N5405,neighbourhood
5430,ROYAL GARDENS,papastew,3390.0,1340.0,1.2083704993128777,total_population,sum_household_size_distribution,N5430,neighbourhood
5451,RICHFORD,Ipiihkoohkanipiaohtsi,860.0,370.0,0.5860777609050274,total_population,sum_household_size_distribution,N5451,neighbourhood
5452,MACEWAN,Ipiihkoohkanipiaohtsi,6105.0,2485.0,1.1313267759978771,total_population,sum_household_size_distribution,N5452,neighbourhood
5453,BLACKMUD CREEK,Ipiihkoohkanipiaohtsi,2790.0,1030.0,0.77409353479743,total_population,sum_household_size_distribution,N5453,neighbourhood
5454,RUTHERFORD,Ipiihkoohkanipiaohtsi,11620.0,4235.0,2.231129925698042,total_population,sum_household_size_distribution,N5454,neighbourhood
5456,HERITAGE VALLEY AREA,Ipiihkoohkanipiaohtsi,,,1.305851075798273,,,N5456,neighbourhood
5457,CALLAGHAN,Ipiihkoohkanipiaohtsi,4060.0,1535.0,0.8109805658459663,total_population,sum_household_size_distribution,N5457,neighbourhood
5458,ALLARD,Ipiihkoohkanipiaohtsi,8285.0,2875.0,1.6153265796601772,total_population,sum_household_size_distribution,N5458,neighbourhood
5460,SKYRATTLER,Ipiihkoohkanipiaohtsi,2075.0,1065.0,0.6127037741243839,total_population,sum_household_size_distribution,N5460,neighbourhood
5462,CHAPPELLE AREA,Ipiihkoohkanipiaohtsi,10910.0,3780.0,4.7650836035609245,total_population,sum_household_size_distribution,N5462,neighbourhood
5463,DESROCHERS AREA,Ipiihkoohkanipiaohtsi,2100.0,670.0,1.167985949665308,total_population,sum_household_size_distribution,N5463,neighbourhood
5465,HAYS RIDGE AREA,Ipiihkoohkanipiaohtsi,595.0,205.0,2.4058406315743923,total_population,sum_household_size_distribution,N5465,neighbourhood
5466,CASHMAN,Ipiihkoohkanipiaohtsi,,,1.0667719915509224,,,N5466,neighbourhood
5467,CAVANAGH,Ipiihkoohkanipiaohtsi,2195.0,675.0,1.9231518357992172,total_population,sum_household_size_distribution,N5467,neighbourhood
5468,GRAYDON HILL,Ipiihkoohkanipiaohtsi,1140.0,415.0,0.6534423828125,total_population,sum_household_size_distribution,N5468,neighbourhood
5469,PAISLEY,Ipiihkoohkanipiaohtsi,1740.0,660.0,0.6475489474833012,total_population,sum_household_size_distribution,N5469,neighbourhood
5470,STEINHAUER,Ipiihkoohkanipiaohtsi,1995.0,740.0,0.912085983902216,total_population,sum_household_size_distribution,N5470,neighbourhood
5472,HERITAGE VALLEY TOWN CENTRE,Ipiihkoohkanipiaohtsi,,,,,,N5472,neighbourhood
5476,MAGRATH HEIGHTS,pihêsiwin,3815.0,1235.0,1.2194547206163406,total_population,sum_household_size_distribution,N5476,neighbourhood
5477,MACTAGGART,pihêsiwin,3515.0,1280.0,1.0271147191524506,total_population,sum_household_size_distribution,N5477,neighbourhood
5480,STRATHCONA,papastew,8695.0,5100.0,1.5499023608863354,total_population,sum_household_size_distribution,N5480,neighbourhood
5490,SWEET GRASS,Ipiihkoohkanipiaohtsi,2615.0,1005.0,0.9093531891703606,total_population,sum_household_size_distribution,N5490,neighbourhood
5505,AMBLESIDE,pihêsiwin,6700.0,2545.0,3.126948907971382,total_population,sum_household_size_distribution,N5505,neighbourhood
5511,TWIN BROOKS,Ipiihkoohkanipiaohtsi,6280.0,2265.0,2.1178077682852745,total_population,sum_household_size_distribution,N5511,neighbourhood
5520,UNIVERSITY OF ALBERTA,papastew,,150.0,1.1858775615692139,,sum_household_size_distribution,N5520,neighbourhood
5530,UNIVERSITY OF ALBERTA FARM,papastew,,,2.9506936334073544,,,N5530,neighbourhood
5540,WESTBROOK ESTATES,papastew,1185.0,460.0,1.15559633821249,total_population,sum_household_size_distribution,N5540,neighbourhood
5550,WHITEMUD CREEK RAVINE NORTH,papastew,,,0.7462807297706604,,,N5550,neighbourhood
5560,WHITEMUD CREEK RAVINE SOUTH,papastew,,,2.2294937931001186,,,N5560,neighbourhood
5565,WHITEMUD CREEK RAVINE TWIN BROOKS,Ipiihkoohkanipiaohtsi,,,1.6248606704175472,,,N5565,neighbourhood
5570,WINDERMERE,pihêsiwin,12575.0,4395.0,4.761587344110012,total_population,sum_household_size_distribution,N5570,neighbourhood
5571,RIVER VALLEY KENDAL,pihêsiwin,,,,,,N5571,neighbourhood
5572,RIVER VALLEY KESWICK,pihêsiwin,,,,,,N5572,neighbourhood
5573,KENDAL,pihêsiwin,,,,,,N5573,neighbourhood
5574,KESWICK,pihêsiwin,4140.0,1550.0,3.8268978260457516,total_population,sum_household_size_distribution,N5574,neighbourhood
5578,GLENRIDDING HEIGHTS,pihêsiwin,4385.0,1480.0,1.5826108008623123,total_population,sum_household_size_distribution,N5578,neighbourhood
5579,GLENRIDDING RAVINE,pihêsiwin,860.0,295.0,2.1709988079965115,total_population,sum_household_size_distribution,N5579,neighbourhood
5580,WINDSOR PARK,papastew,1340.0,490.0,0.7516077943146229,total_population,sum_household_size_distribution,N5580,neighbourhood
5590,BLACKBURNE,Ipiihkoohkanipiaohtsi,1430.0,570.0,0.7202689908444881,total_population,sum_household_size_distribution,N5590,neighbourhood
5610,HADDOW,pihêsiwin,4270.0,1555.0,1.2664597742259502,total_population,sum_household_size_distribution,N5610,neighbourhood
5620,HODGSON,pihêsiwin,2630.0,940.0,0.6853461116552353,total_population,sum_household_size_distribution,N5620,neighbourhood
5630,LEGER,pihêsiwin,2495.0,845.0,1.0479175969958305,total_population,sum_household_size_distribution,N5630,neighbourhood
5640,TERWILLEGAR TOWNE,pihêsiwin,6040.0,2025.0,1.8537871576845646,total_population,sum_household_size_distribution,N5640,neighbourhood
5642,SOUTH TERWILLEGAR,pihêsiwin,9645.0,3720.0,1.7281821370124817,total_population,sum_household_size_distribution,N5642,neighbourhood
6010,ARGYLL,papastew,825.0,350.0,0.3560141697525978,total_population,sum_household_size_distribution,N6010,neighbourhood
6020,AVONMORE,Métis,2170.0,950.0,0.8894868157804012,total_population,sum_household_size_distribution,N6020,neighbourhood
6030,BISSET,Sspomitapi,3865.0,1370.0,0.9351566582918167,total_population,sum_household_size_distribution,N6030,neighbourhood
6040,BONNIE DOON,Métis,4975.0,2335.0,1.4880747571587563,total_population,sum_household_size_distribution,N6040,neighbourhood
6061,CAPILANO,Métis,2650.0,1090.0,1.29515315964818,total_population,sum_household_size_distribution,N6061,neighbourhood
6070,CLOVERDALE,Métis,885.0,445.0,1.0818167887628078,total_population,sum_household_size_distribution,N6070,neighbourhood
6090,CORONET ADDITION INDUSTRIAL,Métis,,,0.4294873885810375,,,N6090,neighbourhood
6100,CORONET INDUSTRIAL,papastew,,,1.593206524848938,,,N6100,neighbourhood
6110,CPR IRVINE,papastew,,,0.6579700745642185,,,N6110,neighbourhood
6140,CRAWFORD PLAINS,Sspomitapi,4220.0,1430.0,1.1166407987475395,total_population,sum_household_size_distribution,N6140,neighbourhood
6150,DALY GROVE,Sspomitapi,3485.0,1220.0,0.9397325776517391,total_population,sum_household_size_distribution,N6150,neighbourhood
6160,DAVIES INDUSTRIAL EAST,Métis,,,1.6202383004128933,,,N6160,neighbourhood
6170,DAVIES INDUSTRIAL WEST,Métis,,,1.31581187620759,,,N6170,neighbourhood
6180,EASTGATE BUSINESS PARK,Métis,,,2.600336641073227,,,N6180,neighbourhood
6190,EDMONTON RESEARCH AND DEVELOPMENT PARK,Karhiio,,,1.2061396352946758,,,N6190,neighbourhood
6195,SOUTH EDMONTON COMMON,Karhiio,,,1.3901880122721195,,,N6195,neighbourhood
6200,EKOTA,Karhiio,2510.0,915.0,0.8127603009343147,total_population,sum_household_size_distribution,N6200,neighbourhood
6211,ELLERSLIE,Karhiio,5985.0,2025.0,1.56619518622756,total_population,sum_household_size_distribution,N6211,neighbourhood
6213,SUMMERSIDE,Karhiio,16760.0,5485.0,3.8780171126127243,total_population,sum_household_size_distribution,N6213,neighbourhood
6214,ELLERSLIE INDUSTRIAL,Karhiio,,,5.8603069968521595,,,N6214,neighbourhood
6216,THE ORCHARDS AT ELLERSLIE,Karhiio,6270.0,2075.0,3.5179237127304077,total_population,sum_household_size_distribution,N6216,neighbourhood
6230,FOREST HEIGHTS,Métis,4115.0,1890.0,1.613427709788084,total_population,sum_household_size_distribution,N6230,neighbourhood
6240,FULTON PLACE,Métis,2225.0,940.0,0.97020348533988,total_population,sum_household_size_distribution,N6240,neighbourhood
6250,GAINER INDUSTRIAL,Métis,,,0.33956286311149597,,,N6250,neighbourhood
6260,GIRARD INDUSTRIAL,Métis,,,0.4931751526892185,,,N6260,neighbourhood
6270,GOLD BAR,Métis,2820.0,1120.0,1.0358802489936352,total_population,sum_household_size_distribution,N6270,neighbourhood
6280,GREENVIEW,Karhiio,2825.0,1050.0,0.977745097130537,total_population,sum_household_size_distribution,N6280,neighbourhood
6290,HAZELDEAN,papastew,3245.0,1350.0,1.12357834354043,total_population,sum_household_size_distribution,N6290,neighbourhood
6300,HILLVIEW,Karhiio,3430.0,1335.0,1.092830814421177,total_population,sum_household_size_distribution,N6300,neighbourhood
6310,HOLYROOD,Métis,3305.0,1430.0,1.2745462357997894,total_population,sum_household_size_distribution,N6310,neighbourhood
6320,IDYLWYLDE,Métis,1720.0,915.0,0.6592015251517296,total_population,sum_household_size_distribution,N6320,neighbourhood
6330,JACKSON HEIGHTS,Sspomitapi,4195.0,1400.0,1.2571521773934364,total_population,sum_household_size_distribution,N6330,neighbourhood
6340,KAMEYOSEK,Karhiio,2760.0,960.0,0.7154957428574562,total_population,sum_household_size_distribution,N6340,neighbourhood
6350,KENILWORTH,Métis,2415.0,1060.0,1.1386904679238796,total_population,sum_household_size_distribution,N6350,neighbourhood
6360,KING EDWARD PARK,Métis,4920.0,2365.0,1.481097012758255,total_population,sum_household_size_distribution,N6360,neighbourhood
6370,KINISKI GARDENS,Sspomitapi,6325.0,2155.0,1.9429886676371098,total_population,sum_household_size_distribution,N6370,neighbourhood
6380,LAMBTON INDUSTRIAL,Métis,,,0.6328819096088409,,,N6380,neighbourhood
6390,LARKSPUR,Sspomitapi,5470.0,1880.0,1.6441296190023422,total_population,sum_household_size_distribution,N6390,neighbourhood
6400,LEE RIDGE,Karhiio,2720.0,1005.0,0.8904117904603481,total_population,sum_household_size_distribution,N6400,neighbourhood
6410,MAPLE RIDGE,Sspomitapi,1665.0,830.0,0.6834000796079636,total_population,sum_household_size_distribution,N6410,neighbourhood
6420,MAPLE RIDGE INDUSTRIAL,Sspomitapi,,,3.7134401500225067,,,N6420,neighbourhood
6430,MCINTYRE INDUSTRIAL,Karhiio,,,1.5565932728350163,,,N6430,neighbourhood
6441,MAPLE,Sspomitapi,3920.0,1235.0,1.8162168115377426,total_population,sum_household_size_distribution,N6441,neighbourhood
6442,SILVER BERRY,Sspomitapi,8625.0,2525.0,2.1434611305594444,total_population,sum_household_size_distribution,N6442,neighbourhood
6443,TAMARACK,Sspomitapi,6860.0,1955.0,2.5237631499767303,total_population,sum_household_size_distribution,N6443,neighbourhood
6444,LAUREL,Sspomitapi,15270.0,4020.0,2.7795518152415752,total_population,sum_household_size_distribution,N6444,neighbourhood
6445,ASTER,Sspomitapi,,,2.0324191972613335,,,N6445,neighbourhood
6450,MENISA,Karhiio,2400.0,910.0,0.8972472660243511,total_population,sum_household_size_distribution,N6450,neighbourhood
6460,MEYOKUMIN,Karhiio,2880.0,1005.0,0.9658452533185482,total_population,sum_household_size_distribution,N6460,neighbourhood
6470,MEYONOHK,Karhiio,2910.0,1120.0,0.8665646575391293,total_population,sum_household_size_distribution,N6470,neighbourhood
6480,MICHAELS PARK,Karhiio,2120.0,805.0,0.8250130116939545,total_population,sum_household_size_distribution,N6480,neighbourhood
6491,MILL CREEK RAVINE NORTH,papastew,,,0.6970507018268108,,,N6491,neighbourhood
6492,MILL CREEK RAVINE SOUTH,papastew,,,0.7521599121391773,,,N6492,neighbourhood
6500,MILL WOODS GOLF COURSE,Karhiio,,,1.3823990672826767,,,N6500,neighbourhood
6510,MILL WOODS PARK,Karhiio,,,0.4862791560590267,,,N6510,neighbourhood
6520,MILL WOODS TOWN CENTRE,Karhiio,1185.0,630.0,0.5140262246131897,total_population,sum_household_size_distribution,N6520,neighbourhood
6530,MINCHAU,Sspomitapi,3115.0,1120.0,0.8978216089308262,total_population,sum_household_size_distribution,N6530,neighbourhood
6540,MORRIS INDUSTRIAL,Métis,,,1.2840592823922634,,,N6540,neighbourhood
6550,OTTEWELL,Métis,5915.0,2445.0,2.5623759999871254,total_population,sum_household_size_distribution,N6550,neighbourhood
6560,PAPASCHASE INDUSTRIAL,Karhiio,,,1.2275696359574795,,,N6560,neighbourhood
6570,PARSONS INDUSTRIAL,Karhiio,,,2.604884758591652,,,N6570,neighbourhood
6580,POLLARD MEADOWS,Sspomitapi,4360.0,1560.0,1.0437069199979305,total_population,sum_household_size_distribution,N6580,neighbourhood
6590,PYLYPOW INDUSTRIAL,Sspomitapi,,,3.4557282105088234,,,N6590,neighbourhood
6600,RICHFIELD,Karhiio,3455.0,1130.0,0.9363283887505531,total_population,sum_household_size_distribution,N6600,neighbourhood
6610,RITCHIE,papastew,4585.0,2380.0,1.2593245021998882,total_population,sum_household_size_distribution,N6610,neighbourhood
6620,RIVER VALLEY GOLD BAR,Métis,,,2.05325124040246,,,N6620,neighbourhood
6630,RIVER VALLEY RIVERSIDE,Métis,,,1.2387820482254028,,,N6630,neighbourhood
6640,ROPER INDUSTRIAL,Karhiio,,,2.9235125482082367,,,N6640,neighbourhood
6650,ROSEDALE INDUSTRIAL,papastew,,,0.45166341587901115,,,N6650,neighbourhood
6661,CHARLESWORTH,Karhiio,7675.0,2480.0,2.637607056647539,total_population,sum_household_size_distribution,N6661,neighbourhood
6662,WALKER,Karhiio,13385.0,4135.0,2.6121206767857075,total_population,sum_household_size_distribution,N6662,neighbourhood
6663,DECOTEAU,Sspomitapi,460.0,160.0,12.607905965298414,total_population,sum_household_size_distribution,N6663,neighbourhood
6665,ANTHONY HENDAY SOUTH EAST,Sspomitapi,,,7.271256651729345,,,N6665,neighbourhood
6667,MATTSON,Karhiio,,,2.618638437241316,,,N6667,neighbourhood
6668,MELTWATER,Sspomitapi,,,3.0673543885350227,,,N6668,neighbourhood
6669,ALCES,Sspomitapi,,,3.827838122844696,,,N6669,neighbourhood
6670,SAKAW,Karhiio,4065.0,1530.0,1.0990701988339424,total_population,sum_household_size_distribution,N6670,neighbourhood
6680,SATOO,Karhiio,3180.0,1215.0,1.3015545681118965,total_population,sum_household_size_distribution,N6680,neighbourhood
6690,SOUTHEAST INDUSTRIAL,Sspomitapi,,,6.921456489712,,,N6690,neighbourhood
6700,STRATHCONA INDUSTRIAL PARK,Karhiio,,,2.6542872563004494,,,N6700,neighbourhood
6710,STRATHEARN,Métis,2500.0,1420.0,0.7796130180358887,total_population,sum_household_size_distribution,N6710,neighbourhood
6720,TAWA,Karhiio,2045.0,880.0,0.6590378098189831,total_population,sum_household_size_distribution,N6720,neighbourhood
6730,TERRACE HEIGHTS,Métis,2165.0,1005.0,0.7533095814287663,total_population,sum_household_size_distribution,N6730,neighbourhood
6750,TIPASKAN,Karhiio,2875.0,1065.0,0.7974861077964306,total_population,sum_household_size_distribution,N6750,neighbourhood
6760,TWEDDLE PLACE,Karhiio,3090.0,1090.0,1.1098191291093826,total_population,sum_household_size_distribution,N6760,neighbourhood
6770,WEINLOS,Sspomitapi,3240.0,1185.0,0.9090638943016529,total_population,sum_household_size_distribution,N6770,neighbourhood
6780,WEIR INDUSTRIAL,Métis,,,1.6215121932327747,,,N6780,neighbourhood
6790,WILD ROSE,Sspomitapi,8535.0,2470.0,1.7573700100183487,total_population,sum_household_size_distribution,N6790,neighbourhood
8885,EDMONTON SOUTH CENTRAL EAST,Karhiio,,,7.259972549974918,,,N8885,neighbourhood
8886,EDMONTON SOUTH EAST,Sspomitapi,,,13.081997152417898,,,N8886,neighbourhood
8887,EDMONTON SOUTH CENTRAL,Ipiihkoohkanipiaohtsi,,,34.4272102303803,,,N8887,neighbourhood
8888,EDMONTON SOUTH WEST,pihêsiwin,340.0,145.0,27.880116507411003,total_population,sum_household_size_distribution,N8888,neighbourhood
8889,CROSSROADS,Ipiihkoohkanipiaohtsi,,,,,,N8889,neighbourhood
